Driver,Year,Team,RS,W,PD,PP,FL,BR,BG,DNF,AF,AG,RL,PF,P,WC
Max Verstappen,2025,Oracle Red Bull Racing,5,1,3,2,0,1,1,0,3,3.2,3,5,87,3rd
Alexander Albon,2025,Atlassian Williams Racing,5,0,0,0,0,5,6,0,8.4,10.2,1,4,20,16th
Pierre Gasly,2025,BWT Alpine F1 Team,5,0,0,0,0,7,4,1,10.33,9.8,0,1,6,11th
Liam Lawson,2025,Oracle Red Bull Racing,2,0,0,0,0,12,18,1,12,19,0,0,0,18th
Liam Lawson,2025,Visa Cash App Racing Bulls Formula One Team,3,0,0,0,0,12,12,0,15,14,0,0,0,18th
Yuki Tsunoda,2025,Visa Cash App Racing Bulls Formula One Team,2,0,0,0,0,12,5,0,14,7,0,1,3,14th
Yuki Tsunoda,2025,Oracle Red Bull Racing,3,0,0,0,0,9,8,1,10.5,10.67,0,1,2,16th
Fernando Alonso,2025,Aston Martin Aramco Formula One Team,5,0,0,0,0,11,12,2,12.33,12.6,0,0,0,17th
Charles Leclerc,2025,Scuderia Ferrari HP,5,0,1,0,0,3,2,0,4.75,4.6,2,5,47,5th
Carlos Sainz,2025,Atlassian Williams Racing,5,0,0,0,0,8,6,2,10.67,10.8,0,2,5,15th
Lewis Hamilton,2025,Scuderia Ferrari HP,5,0,0,0,1,5,5,0,7.25,7.4,1,5,31,7th
Lando Norris,2025,McLaren Formula 1 Team,5,1,4,1,2,1,1,0,2.4,4.4,3,5,89,2nd
Oscar Piastri,2025,McLaren Formula 1 Team,5,3,4,2,1,1,1,0,3,1.8,3,5,99,1st
George Russell,2025,Mercedes-AMG Petronas Formula One Team,5,0,3,0,0,2,2,0,3.6,3.4,0,5,73,4th
Isack Hadjar,2025,Visa Cash App Racing Bulls Formula One Team,4,0,0,0,0,8,7,0,10.5,10.2,0,2,5,14th
Andrea Kimi Antonelli,2025,Mercedes-AMG Petronas Formula One Team,5,0,0,0,1,4,5,0,6.6,8,1,4,38,6th
Daniel Ricciardo,2024,Visa Cash App RB F1 Team,18,0,0,0,1,8,5,2,12.75,13.11,0,4,12,17th
Max Verstappen,2024,Oracle Red Bull Racing,24,9,14,8,3,1,1,1,2.96,3.54,16,23,437,1st
Alexander Albon,2024,Williams Racing,23,0,0,0,0,7,7,6,12.71,12.88,0,4,12,16th
Pierre Gasly,2024,BWT Alpine F1 Team,23,0,1,0,0,3,3,3,11.45,13.12,0,9,42,10th
Sergio Perez,2024,Oracle Red Bull Racing,24,0,4,0,1,2,2,5,7.9,9.38,1,17,152,8th
Liam Lawson,2024,Visa Cash App RB F1 Team,6,0,0,0,0,9,5,1,13.5,13.17,0,2,4,21st
Yuki Tsunoda,2024,Visa Cash App RB F1 Team,24,0,0,0,0,7,3,4,11.85,11.08,0,9,30,12th
Fernando Alonso,2024,Aston Martin Aramco Formula One Team,24,0,0,0,2,5,3,1,9.83,9.42,0,14,70,9th
Charles Leclerc,2024,Scuderia Ferrari,24,3,13,3,3,1,1,1,3.91,5.42,7,22,356,3rd
Carlos Sainz,2024,Scuderia Ferrari,23,2,9,1,1,1,1,3,4.71,5.7,7,21,290,5th
Lewis Hamilton,2024,Mercedes-AMG Petronas Formula One Team,24,2,5,0,2,1,2,2,5.86,8.83,3,23,223,7th
Kevin Magnussen,2024,MoneyGram Haas F1 Team,22,0,0,0,1,7,7,2,13.05,14.64,0,6,16,15th
Lando Norris,2024,McLaren Formula 1 Team,24,4,13,8,6,1,1,1,4.29,3.38,11,24,374,2nd
Oscar Piastri,2024,McLaren Formula 1 Team,24,2,8,0,1,1,2,0,5.12,5.42,8,24,292,4th
Valtteri Bottas,2024,Kick Sauber F1 Team,24,0,0,0,0,11,9,2,15.55,15.04,0,0,0,22nd
George Russell,2024,Mercedes-AMG Petronas Formula One Team,24,2,4,4,2,1,1,2,5.59,5.62,7,21,245,6th
Daniel Ricciardo,2023,Scuderia AlphaTauri,7,0,0,0,0,7,4,0,12.71,13.71,0,1,6,17th
Max Verstappen,2023,Oracle Red Bull Racing,22,19,21,12,9,1,1,0,1.27,3.18,20,22,575,1st
Alexander Albon,2023,Williams Racing,22,0,0,0,0,7,4,4,11.11,11.95,0,8,27,13th
Pierre Gasly,2023,BWT Alpine F1 Team,22,0,1,0,0,3,4,3,10.24,11.14,0,12,62,11th
Sergio Perez,2023,Oracle Red Bull Racing,22,2,9,2,2,1,1,2,4.5,9.27,8,19,285,2nd
Liam Lawson,2023,Scuderia AlphaTauri,5,0,0,0,0,9,10,0,12.2,13.8,0,1,2,20th
Yuki Tsunoda,2023,Scuderia AlphaTauri,21,0,0,0,1,8,6,2,12.55,13.82,1,6,17,14th
Fernando Alonso,2023,Aston Martin Aramco Cognizant Formula One Team,22,0,8,0,1,2,2,2,5.6,6.91,1,19,206,4th
Charles Leclerc,2023,Scuderia Ferrari,21,0,6,5,0,2,1,3,4.88,4.95,6,18,206,5th
Carlos Sainz,2023,Scuderia Ferrari,21,1,3,2,0,1,1,2,6.3,5.77,3,20,200,7th
Lewis Hamilton,2023,Mercedes-AMG Petronas Formula One Team,22,0,6,1,4,2,1,1,4.9,6.09,3,22,234,3rd
Kevin Magnussen,2023,MoneyGram Haas F1 Team,22,0,0,0,0,10,4,5,15.11,15.09,0,3,3,19th
Lando Norris,2023,McLaren Formula 1 Team,22,0,7,0,1,2,2,1,7.43,7.95,4,16,205,6th
Oscar Piastri,2023,McLaren Formula 1 Team,22,0,2,0,2,2,2,3,9.63,9.64,1,12,97,9th
Valtteri Bottas,2023,Alfa Romeo F1 Team Stake,22,0,0,0,0,8,7,3,13.37,13.86,0,4,10,15th
George Russell,2023,Mercedes-AMG Petronas Formula One Team,22,0,2,0,1,3,2,4,6.63,6.45,1,18,175,8th
Sebastian Vettel,2022,Aston Martin Aramco Cognizant Formula One Team,20,0,0,0,0,6,9,3,10.56,13.25,1,10,37,12th
Daniel Ricciardo,2022,McLaren F1 Team,22,0,0,0,0,5,4,3,11.63,11.41,0,8,37,11th
Max Verstappen,2022,Oracle Red Bull Racing,22,15,17,7,5,1,1,2,2.81,3.41,17,20,454,1st
Alexander Albon,2022,Williams Racing,21,0,0,0,0,9,6,5,12.76,15.62,0,3,4,19th
Pierre Gasly,2022,Scuderia AlphaTauri,22,0,0,0,0,5,5,3,11.58,12.18,0,6,23,14th
Sergio Perez,2022,Oracle Red Bull Racing,22,2,11,1,3,1,1,3,3.95,4.82,7,20,305,3rd
Yuki Tsunoda,2022,Scuderia AlphaTauri,21,0,0,0,0,7,8,5,13.06,14.05,0,4,12,17th
Fernando Alonso,2022,BWT Alpine F1 Team,22,0,0,0,0,5,2,6,8.65,9.41,1,14,81,9th
Charles Leclerc,2022,Scuderia Ferrari,22,3,11,9,3,1,1,3,3.32,3.91,14,19,308,2nd
Carlos Sainz,2022,Scuderia Ferrari,22,1,9,3,2,1,1,6,3.5,4.73,8,18,246,5th
Lewis Hamilton,2022,Mercedes-AMG Petronas Formula One Team,22,0,9,0,2,2,2,2,5.38,6.5,7,19,240,6th
Kevin Magnussen,2022,Haas F1 Team,22,0,0,0,0,5,5,5,13.17,12.91,0,7,25,13th
Lando Norris,2022,McLaren F1 Team,22,0,1,0,2,3,3,2,7.8,8.05,0,18,122,7th
Valtteri Bottas,2022,Alfa Romeo F1 Team ORLEN,22,0,0,0,0,5,5,6,10.41,11.36,0,9,49,10th
George Russell,2022,Mercedes-AMG Petronas Formula One Team,22,1,8,2,4,1,1,1,4.38,6.36,4,20,275,4th
Sebastian Vettel,2021,Aston Martin Cognizant Formula One Team,22,0,1,0,0,2,5,4,11.05,11.77,1,7,43,12th
Daniel Ricciardo,2021,McLaren F1 Team,22,1,1,0,1,1,2,1,8.1,9.68,1,13,115,8th
Max Verstappen,2021,Red Bull Racing Honda,22,10,18,10,6,1,1,3,2.65,2.86,16,21,395.5,1st
Pierre Gasly,2021,Scuderia AlphaTauri Honda,22,0,1,0,1,3,2,4,7.74,7.27,0,15,110,9th
Sergio Perez,2021,Red Bull Racing Honda,22,1,5,0,2,1,2,3,6.6,7.05,6,16,190,4th
Yuki Tsunoda,2021,Scuderia AlphaTauri Honda,21,0,0,0,0,4,7,3,11.72,13.09,0,7,32,14th
Kimi Raikkonen,2021,Alfa Romeo Racing ORLEN,20,0,0,0,0,8,10,2,12.5,15.4,0,4,10,16th
Fernando Alonso,2021,Alpine F1 Team,22,0,1,0,0,3,3,2,9.05,10.5,1,15,81,10th
Charles Leclerc,2021,Scuderia Ferrari Mission Winnow,21,0,1,2,0,2,1,1,6.6,6.45,4,18,159,7th
Carlos Sainz,2021,Scuderia Ferrari Mission Winnow,22,0,4,0,0,2,2,0,6.5,7.91,1,20,164.5,5th
Lewis Hamilton,2021,Mercedes-AMG Petronas Formula One Team,22,8,17,5,6,1,1,1,2.76,3.09,15,20,387.5,2nd
Lando Norris,2021,McLaren F1 Team,22,0,4,1,1,2,1,1,6.62,6.86,2,20,160,6th
Valtteri Bottas,2021,Mercedes-AMG Petronas Formula One Team,22,1,11,4,4,1,1,4,5,5.59,4,15,226,3rd
George Russell,2021,Williams Racing,22,0,1,0,0,2,2,6,12.83,13,0,4,16,15th
Sebastian Vettel,2020,Scuderia Ferrari,17,0,1,0,0,3,5,2,10.4,12.06,0,7,33,13th
Daniel Ricciardo,2020,Renault DP World F1 Team,17,0,2,0,2,3,4,1,6.75,7.59,0,14,119,5th
Daniil Kvyat,2020,Scuderia AlphaTauri Honda,17,0,0,0,0,4,6,2,10.62,12.24,0,7,32,14th
Max Verstappen,2020,Aston Martin Red Bull Racing,17,2,11,1,3,1,1,5,2.42,3.06,5,12,214,3rd
Alexander Albon,2020,Aston Martin Red Bull Racing,17,0,2,0,0,3,4,2,7.75,7.35,1,12,105,7th
Pierre Gasly,2020,Scuderia AlphaTauri Honda,17,1,1,0,0,1,4,3,8.29,10.24,1,10,75,10th
Sergio Perez,2020,BWT Racing Point F1 Team,15,1,2,0,0,1,3,2,6.5,7.4,2,13,125,4th
Kimi Raikkonen,2020,Alfa Romeo Racing ORLEN,17,0,0,0,0,9,8,1,13,16.35,0,2,4,16th
Charles Leclerc,2020,Scuderia Ferrari,17,0,2,0,0,2,4,4,7,8.47,0,10,98,8th
Carlos Sainz,2020,McLaren F1 Team,16,0,1,0,1,2,3,2,6.79,8.35,2,12,105,6th
Lewis Hamilton,2020,Mercedes-AMG Petronas Formula One Team,16,11,14,10,6,1,1,0,1.88,1.88,14,16,347,1st
Kevin Magnussen,2020,Haas F1 Team,17,0,0,0,0,10,13,7,14.73,16.71,0,1,1,20th
Lando Norris,2020,McLaren F1 Team,17,0,1,0,2,3,3,1,7.81,8.76,0,13,97,9th
Valtteri Bottas,2020,Mercedes-AMG Petronas Formula One Team,17,2,11,5,2,1,1,1,4.31,2.29,9,14,223,2nd
George Russell,2020,Williams Racing,16,0,0,0,0,11,11,4,15.08,15.75,0,0,0,18th
George Russell,2020,Mercedes-AMG Petronas Formula One Team,1,0,0,0,1,9,2,0,9,2,1,1,3,18th
Sebastian Vettel,2019,Scuderia Ferrari Mission Winnow,21,1,9,2,2,1,1,3,5.11,4.24,7,16,240,5th
Daniel Ricciardo,2019,Renault F1 Team,21,0,0,0,0,4,4,5,9.94,10.62,0,8,54,9th
Daniil Kvyat,2019,Red Bull Toro Rosso Honda,21,0,1,0,0,3,6,3,10.67,13.38,0,10,37,13th
Max Verstappen,2019,Aston Martin Red Bull Racing,21,3,9,2,3,1,1,2,3.53,4.71,5,19,278,3rd
Alexander Albon,2019,Red Bull Toro Rosso Honda,12,0,0,0,0,6,9,1,11,13,0,5,16,8th
Alexander Albon,2019,Aston Martin Red Bull Racing,9,0,0,0,0,4,5,0,6.22,8.67,0,8,76,8th
Pierre Gasly,2019,Red Bull Toro Rosso Honda,9,0,1,0,0,2,6,1,10.44,11.44,0,5,32,7th
Pierre Gasly,2019,Aston Martin Red Bull Racing,12,0,0,0,2,4,4,2,7.73,8.92,0,9,63,7th
Sergio Perez,2019,SportPesa Racing Point F1 Team,21,0,0,0,0,6,5,2,9.89,13.19,0,11,52,10th
Kimi Raikkonen,2019,Alfa Romeo Racing,21,0,0,0,0,4,5,2,10.89,12.38,0,9,43,12th
Charles Leclerc,2019,Scuderia Ferrari Mission Winnow,21,2,10,7,4,1,1,3,4.21,4.29,8,18,264,4th
Carlos Sainz,2019,McLaren F1 Team,21,0,1,0,0,3,5,4,8.44,10.29,0,13,96,6th
Lewis Hamilton,2019,Mercedes-AMG Petronas Motorsport,21,11,17,5,6,1,1,0,2.38,2.33,19,21,413,1st
Kevin Magnussen,2019,Haas F1 Team,21,0,0,0,1,6,5,3,13.21,11.9,0,4,20,16th
Lando Norris,2019,McLaren F1 Team,21,0,0,0,0,6,5,6,9.41,9.33,0,11,49,11th
Valtteri Bottas,2019,Mercedes-AMG Petronas Motorsport,21,4,15,5,3,1,1,2,2.68,3.71,6,19,326,2nd
George Russell,2019,ROKiT Williams Racing,21,0,0,0,0,11,14,2,15.53,17.71,0,0,0,20th
Sebastian Vettel,2018,Scuderia Ferrari,21,5,12,5,3,1,1,1,3.15,2.86,10,20,320,2nd
Daniel Ricciardo,2018,Aston Martin Red Bull Racing,21,2,2,2,4,1,1,8,4,8.14,5,13,170,6th
Max Verstappen,2018,Aston Martin Red Bull Racing,21,2,11,0,2,1,2,4,4.11,7.05,6,17,249,4th
Pierre Gasly,2018,Red Bull Toro Rosso Honda,21,0,0,0,0,4,5,5,11.12,13.76,0,5,29,15th
Sergio Perez,2018,Racing Point Force India F1 Team,9,0,0,0,0,5,4,1,8.88,10.11,0,7,32,8th
Sergio Perez,2018,Sahara Force India F1 Team,12,0,1,0,0,3,8,1,10.45,11.83,0,5,30,8th
Kimi Raikkonen,2018,Scuderia Ferrari,21,1,12,1,1,1,1,4,3.24,3.76,7,17,251,3rd
Fernando Alonso,2018,McLaren F1 Team,21,0,0,0,0,5,7,8,10.2,13.19,0,9,50,11th
Charles Leclerc,2018,Alfa Romeo Sauber F1 Team,21,0,0,0,0,6,7,6,10.62,12.33,0,10,39,13th
Carlos Sainz,2018,Renault Sport Formula One Team,21,0,0,0,0,5,5,2,9.47,10.24,0,13,53,10th
Lewis Hamilton,2018,Mercedes AMG Petronas Motorsport,21,11,17,11,3,1,1,1,1.95,2.71,15,20,408,1st
Kevin Magnussen,2018,Haas F1 Team,21,0,0,0,1,5,5,2,10.11,10.29,0,11,56,9th
Stoffel Vandoorne,2018,McLaren F1 Team,21,0,0,0,0,8,11,3,12.53,15.86,0,4,12,16th
Valtteri Bottas,2018,Mercedes AMG Petronas Motorsport,21,0,8,2,7,2,1,2,4.4,4.05,8,19,247,5th
Sebastian Vettel,2017,Scuderia Ferrari,20,5,13,4,5,1,1,1,2.56,3.15,10,18,317,2nd
Daniel Ricciardo,2017,Red Bull Racing,20,1,9,0,1,1,3,5,3.43,7.75,3,14,200,5th
Daniil Kvyat,2017,Scuderia Toro Rosso,15,0,0,0,0,9,8,5,12,12.27,0,3,5,19th
Max Verstappen,2017,Red Bull Racing,20,2,4,0,1,1,2,7,4.23,6.1,4,13,168,6th
Pierre Gasly,2017,Scuderia Toro Rosso,5,0,0,0,0,12,14,0,13.6,17,0,0,0,21st
Sergio Perez,2017,Sahara Force India F1 Team,20,0,0,0,1,4,5,2,7.89,8.85,0,17,100,7th
Felipe Massa,2017,Williams Martini Racing,19,0,0,0,0,6,6,2,9.35,10.26,0,13,43,11th
Kimi Raikkonen,2017,Scuderia Ferrari,19,0,7,1,2,2,1,3,4.47,3.85,6,16,205,4th
Fernando Alonso,2017,McLaren Honda,18,0,0,0,1,6,6,9,11.18,12.74,0,5,17,15th
Carlos Sainz,2017,Renault Sport F1 Team,4,0,0,0,0,7,7,2,9,8.75,0,1,54,9th
Carlos Sainz,2017,Scuderia Toro Rosso,16,0,0,0,0,4,6,5,8.1,12.38,0,9,42,9th
Lewis Hamilton,2017,Mercedes AMG Petronas F1 Team,20,9,13,11,7,1,1,0,2.7,3.6,15,20,363,1st
Jenson Button,2017,McLaren Honda Formula 1 Team,1,0,0,0,0,0,20,1,0,20,0,0,0,21st
Kevin Magnussen,2017,Haas F1 Team,20,0,0,0,0,7,9,4,11.47,14.2,0,5,19,14th
Stoffel Vandoorne,2017,McLaren Honda,19,0,0,0,0,7,7,4,11.71,14.6,0,3,13,16th
Valtteri Bottas,2017,Mercedes AMG Petronas F1 Team,20,3,13,4,2,1,1,1,2.95,3.35,8,19,305,3rd
Sebastian Vettel,2016,Scuderia Ferrari,20,0,7,0,3,2,3,3,4.06,6.05,8,17,212,4th
Daniel Ricciardo,2016,Red Bull Racing,21,1,8,1,4,1,1,0,4.38,3.9,5,20,256,3rd
Daniil Kvyat,2016,Red Bull Racing,3,0,1,0,0,3,6,0,8.33,11.75,0,2,0,14th
Daniil Kvyat,2016,Scuderia Toro Rosso,17,0,0,0,1,9,6,5,12.92,14.18,0,3,0,14th
Max Verstappen,2016,Red Bull Racing,17,1,7,0,1,1,2,2,4.27,5.53,4,14,204,5th
Max Verstappen,2016,Scuderia Toro Rosso,4,0,0,0,0,6,5,1,8,8.25,0,3,0,5th
Sergio Perez,2016,Sahara Force India F1 Team,21,0,2,0,0,3,5,1,8.57,9.76,0,16,101,7th
Felipe Massa,2016,Williams Martini Racing,21,0,0,0,0,5,4,4,9.94,10.33,0,13,53,11th
Kimi Raikkonen,2016,Scuderia Ferrari,21,0,4,0,1,2,3,4,4.71,5.33,4,17,186,6th
Fernando Alonso,2016,McLaren Honda,20,0,0,0,1,5,7,4,10.18,12.15,0,9,54,10th
Carlos Sainz,2016,Scuderia Toro Rosso,21,0,0,0,0,6,6,4,10.35,12.05,0,10,46,12th
Lewis Hamilton,2016,Mercedes AMG Petronas F1 Team,21,10,17,12,3,1,1,2,2.11,4.14,14,19,380,2nd
Jenson Button,2016,McLaren Honda,21,0,0,0,0,6,3,6,11.2,13,0,7,21,15th
Kevin Magnussen,2016,Renault Sport F1 Team,21,0,0,0,0,7,12,5,14,17.14,0,2,7,16th
Stoffel Vandoorne,2016,McLaren Honda,1,0,0,0,0,10,12,0,10,12,0,1,1,20th
Nico Rosberg,2016,Mercedes AMG Petronas F1 Team,21,9,16,8,6,1,1,1,2.25,1.81,13,20,385,1st
Valtteri Bottas,2016,Williams Martini Racing,21,0,1,0,0,3,2,2,8.53,8.29,0,15,85,8th
Sebastian Vettel,2015,Scuderia Ferrari,19,3,13,1,1,1,1,2,3.33,5.32,4,17,278,3rd
Daniel Ricciardo,2015,Infiniti Red Bull Racing,19,0,2,0,3,2,2,3,8.29,8.11,1,13,92,8th
Daniil Kvyat,2015,Infiniti Red Bull Racing,18,0,1,0,0,2,4,2,7.5,9.68,0,14,95,7th
Max Verstappen,2015,Scuderia Toro Rosso,19,0,0,0,0,4,6,5,9.8,11.37,0,10,49,12th
Sergio Perez,2015,Sahara Force India F1 Team,19,0,1,0,0,3,4,1,8.56,10.26,0,12,78,9th
Felipe Massa,2015,Williams Martini Racing,19,0,2,0,0,3,3,2,7.19,7.42,1,13,121,6th
Kimi Raikkonen,2015,Scuderia Ferrari,19,0,3,0,2,2,2,5,4.79,7.47,4,14,150,4th
Fernando Alonso,2015,McLaren Honda,18,0,0,0,0,5,9,8,12.18,15.67,0,2,11,17th
Carlos Sainz,2015,Scuderia Toro Rosso,19,0,0,0,0,7,5,7,10.17,12.37,0,7,18,15th
Lewis Hamilton,2015,Mercedes AMG Petronas F1 Team,19,10,17,11,8,1,1,1,1.72,1.58,17,18,381,1st
Jenson Button,2015,McLaren Honda,18,0,0,0,0,6,10,5,12.08,15.95,0,4,16,16th
Kevin Magnussen,2015,McLaren Honda,0,0,0,0,0,0,17,0,0,17,0,0,0,na
Nico Rosberg,2015,Mercedes AMG Petronas F1 Team,19,6,15,7,5,1,1,2,3.06,2.05,14,17,322,2nd
Valtteri Bottas,2015,Williams Martini Racing,18,0,2,0,0,3,3,2,6.76,6.39,1,13,136,5th
Sebastian Vettel,2014,Infiniti Red Bull Racing,19,0,4,0,2,2,2,3,5.06,7.79,1,16,167,5th
Daniel Ricciardo,2014,Infiniti Red Bull Racing,19,3,8,0,1,1,2,2,3.75,6.26,4,16,238,3rd
Daniil Kvyat,2014,Scuderia Toro Rosso,19,0,0,0,0,9,5,5,11.57,11.16,0,5,8,15th
Sergio Perez,2014,Sahara Force India F1 Team,18,0,1,0,1,3,4,4,8.87,12.05,1,12,59,10th
Felipe Massa,2014,Williams Martini Racing,19,0,3,1,1,2,1,4,7.38,7.47,3,11,134,7th
Kimi Raikkonen,2014,Scuderia Ferrari,19,0,0,0,1,4,5,1,9.17,9.37,0,13,55,12th
Fernando Alonso,2014,Scuderia Ferrari,19,0,2,0,0,2,4,2,5.41,6.53,2,17,161,6th
Lewis Hamilton,2014,Mercedes AMG Petronas F1 Team,19,11,16,7,7,1,1,3,1.44,4.21,14,16,384,1st
Jenson Button,2014,McLaren Mercedes,19,0,1,0,0,3,3,2,7.5,8.47,1,13,126,8th
Kevin Magnussen,2014,McLaren Mercedes,19,0,1,0,0,2,4,1,9.39,8.79,0,13,55,11th
Nico Rosberg,2014,Mercedes AMG Petronas F1 Team,19,5,15,11,5,1,1,2,2.53,1.68,14,16,317,2nd
Valtteri Bottas,2014,Williams Martini Racing,19,0,6,0,1,2,2,1,5.56,6.21,2,17,186,4th
Mark Webber,2013,Infiniti Red Bull Racing,19,0,8,2,5,2,1,4,4.5,5.42,5,15,199,3rd
Sebastian Vettel,2013,Infiniti Red Bull Racing,19,13,16,9,7,1,1,1,1.61,2.05,18,18,397,1st
Daniel Ricciardo,2013,Scuderia Toro Rosso,19,0,0,0,0,7,5,5,12.19,10.53,0,7,20,14th
Sergio Perez,2013,Vodafone McLaren Mercedes,19,0,0,0,1,5,7,2,10.16,11,0,11,49,11th
Felipe Massa,2013,Scuderia Ferrari,19,0,1,0,0,3,2,2,7.18,7.95,3,15,112,8th
Kimi Raikkonen,2013,Lotus F1 Team,17,1,8,0,2,1,2,2,4.67,8.35,4,14,183,5th
Fernando Alonso,2013,Scuderia Ferrari,19,2,9,0,2,1,3,1,4.06,6,4,17,242,2nd
Lewis Hamilton,2013,Mercedes AMG Petronas F1 Team,19,1,5,5,1,1,1,1,5.17,3.47,5,17,189,4th
Heikki Kovalainen,2013,Lotus F1 Team,2,0,0,0,0,14,8,0,14,9.5,0,0,0,21st
Jenson Button,2013,Vodafone McLaren Mercedes,19,0,0,0,0,4,6,1,9.11,10.47,2,14,73,9th
Nico Rosberg,2013,Mercedes AMG Petronas F1 Team,19,2,4,3,0,1,1,3,6,4.26,6,16,171,6th
Valtteri Bottas,2013,Williams F1 Team,19,0,0,0,0,8,3,2,13.71,14.89,0,1,4,17th
Mark Webber,2012,Red Bull Racing,20,2,4,2,1,1,1,3,6.17,5.85,2,15,179,6th
Sebastian Vettel,2012,Red Bull Racing,20,5,10,6,6,1,1,2,4.42,5.05,11,17,281,1st
Daniel Ricciardo,2012,Scuderia Toro Rosso,20,0,0,0,0,9,6,1,12.05,14.7,0,6,10,18th
Sergio Perez,2012,Sauber F1 Team,20,0,3,0,1,2,4,6,8.86,12.2,3,7,66,10th
Michael Schumacher,2012,Mercedes AMG Petronas F1 Team,20,0,1,0,1,3,2,8,10,9.65,0,8,49,13th
Felipe Massa,2012,Scuderia Ferrari,20,0,2,0,0,2,3,1,8,9.85,1,14,122,7th
Kimi Raikkonen,2012,Lotus F1 Team,20,1,7,0,2,1,3,0,5.45,7.45,3,19,207,3rd
Fernando Alonso,2012,Scuderia Ferrari,20,3,13,2,0,1,1,2,3.28,6.1,7,18,278,2nd
Lewis Hamilton,2012,Vodafone McLaren Mercedes,20,4,7,7,1,1,1,6,5.33,4.3,10,14,190,4th
Pedro De La Rosa,2012,HRT F1 Team,19,0,0,0,0,17,20,4,19.2,21.84,0,0,0,25th
Heikki Kovalainen,2012,Caterham F1 Team,20,0,0,0,0,13,16,1,16.47,18.45,0,0,0,22nd
Jenson Button,2012,Vodafone McLaren Mercedes,20,3,6,1,2,1,1,4,6.89,6.45,5,14,188,5th
Nico Rosberg,2012,Mercedes AMG Petronas F1 Team,20,1,2,1,2,1,1,3,8.76,9.4,1,10,93,9th
Vitantonio Liuzzi,2011,HRT F1 Team,17,0,0,0,0,13,20,5,19.75,22.29,0,0,0,23rd
Mark Webber,2011,Red Bull Racing,19,1,10,3,7,1,1,1,3.33,3.79,3,18,258,3rd
Sebastian Vettel,2011,Red Bull Racing,19,11,17,15,3,1,1,1,1.56,1.26,17,18,392,1st
Daniel Ricciardo,2011,HRT F1 Team,11,0,0,0,0,18,20,2,19.25,22.55,0,0,0,27th
Sergio Perez,2011,Sauber F1 Team,17,0,0,0,0,7,9,3,11.69,14,0,5,14,16th
Michael Schumacher,2011,Mercedes GP Petronas F1 Team,19,0,0,0,0,4,5,5,8.29,10.32,1,11,76,8th
Rubens Barrichello,2011,AT&T Williams,19,0,0,0,0,9,11,3,13.25,14.84,0,2,4,17th
Felipe Massa,2011,Scuderia Ferrari,19,0,0,0,2,5,3,3,6.38,5.79,5,15,118,6th
Fernando Alonso,2011,Scuderia Ferrari,19,1,10,0,1,1,2,1,3.44,4.58,11,18,257,4th
Lewis Hamilton,2011,Vodafone McLaren Mercedes,19,3,6,1,3,1,1,3,3.75,3.58,7,16,227,5th
Pedro De La Rosa,2011,Sauber F1 Team,1,0,0,0,0,12,17,0,12,17,0,0,0,20th
Heikki Kovalainen,2011,Team Lotus,18,0,0,0,0,13,15,5,15.62,18.11,0,0,0,22nd
Heikki Kovalainen,2011,Team Lotus,1,0,0,0,0,19,18,0,19,18,0,0,0,22nd
Jenson Button,2011,Vodafone McLaren Mercedes,19,3,12,0,3,1,2,2,3.06,4.47,7,17,270,2nd
Nico Rosberg,2011,Mercedes GP Petronas F1 Team,19,0,0,0,0,5,3,2,7.65,7.53,2,14,89,7th
Christian Klien,2010,HRT F1 Team,3,0,0,0,0,20,22,1,21,23,0,0,0,27th
Vitantonio Liuzzi,2010,Force India F1 Team,19,0,0,0,0,6,5,7,11.23,15.05,0,6,21,15th
Mark Webber,2010,Red Bull Racing,19,4,10,5,3,1,1,2,4,2.79,10,17,242,3rd
Sebastian Vettel,2010,Red Bull Racing,19,5,10,10,3,1,1,3,3.62,1.95,10,15,256,1st
Michael Schumacher,2010,Mercedes GP Petronas F1 Team,19,0,0,0,0,4,5,2,8.65,9.95,0,12,72,9th
Rubens Barrichello,2010,AT&T Williams,19,0,0,0,0,4,6,2,9.88,9.42,0,10,47,10th
Felipe Massa,2010,Scuderia Ferrari Marlboro,19,0,5,0,0,2,2,1,7.11,7.74,2,14,144,6th
Fernando Alonso,2010,Scuderia Ferrari Marlboro,19,5,10,2,5,1,1,2,4.56,5.79,7,16,252,2nd
Lewis Hamilton,2010,Vodafone McLaren Mercedes,19,3,9,1,5,1,1,4,3.75,5.16,3,15,240,4th
Pedro De La Rosa,2010,BMW Sauber F1 Team,13,0,0,0,0,7,9,6,11.57,14.43,0,1,6,17th
Heikki Kovalainen,2010,Lotus Racing,18,0,0,0,0,12,13,5,15.31,18.89,0,0,0,20th
Jenson Button,2010,Vodafone McLaren Mercedes,19,2,7,0,1,1,2,2,4.47,6.84,7,16,214,5th
Nico Rosberg,2010,Mercedes GP Petronas F1 Team,19,0,3,0,0,3,2,3,6.53,7.37,1,15,142,7th
Vitantonio Liuzzi,2009,Force India F1 Team,5,0,0,0,0,11,7,1,13.5,16,0,0,0,22nd
Mark Webber,2009,Red Bull Racing,17,2,8,1,3,1,1,2,5.67,6.71,5,10,69.5,4th
Sebastian Vettel,2009,Red Bull Racing,17,4,8,4,3,1,1,5,4.43,4.41,7,12,84,2nd
Rubens Barrichello,2009,Brawn GP Formula 1 Team,17,2,6,1,2,1,1,1,4.56,4.53,6,15,77,3rd
Felipe Massa,2009,Scuderia Ferrari Marlboro,9,0,1,0,1,3,4,2,6.57,8.67,2,5,22,11th
Kimi Raikkonen,2009,Scuderia Ferrari Marlboro,17,1,5,0,0,1,2,3,7.07,7.59,4,9,48,6th
Giancarlo Fisichella,2009,Scuderia Ferrari Marlboro,5,0,0,0,0,9,14,0,12,16.8,0,0,0,15th
Giancarlo Fisichella,2009,Force India F1 Team,12,0,1,1,0,2,1,2,11.82,15.75,1,1,0,15th
Luca Badoer,2009,Scuderia Ferrari Marlboro,2,0,0,0,0,14,20,0,15.5,20,0,0,0,25th
Fernando Alonso,2009,ING Renault F1 Team,17,0,1,1,2,3,1,3,8.14,8.88,2,8,26,9th
Lewis Hamilton,2009,Vodafone McLaren Mercedes,17,2,5,4,0,1,1,3,7.64,9.18,5,8,49,5th
Heikki Kovalainen,2009,Vodafone McLaren Mercedes,17,0,0,0,0,4,2,5,8.42,11,2,7,22,12th
Jenson Button,2009,Brawn GP Formula 1 Team,17,6,9,4,2,1,1,1,3.56,5.71,7,16,95,1st
Nico Rosberg,2009,AT&T Williams,17,0,0,0,1,4,3,1,7.75,8.06,2,11,34.5,7th
David Coulthard,2008,Red Bull Racing,18,0,1,0,0,3,7,5,11.15,12.83,1,2,8,16th
Mark Webber,2008,Red Bull Racing,18,0,0,0,0,4,2,3,8.4,9.17,0,9,21,11th
Sebastian Vettel,2008,Scuderia Toro Rosso,18,1,1,1,0,1,1,6,7.17,11,1,9,35,8th
Rubens Barrichello,2008,Honda Racing F1 Team,18,0,1,0,0,3,9,4,12,14.83,1,3,11,14th
Felipe Massa,2008,Scuderia Ferrari Marlboro,18,6,10,6,3,1,1,3,4.81,2.94,11,13,97,2nd
Kimi Raikkonen,2008,Scuderia Ferrari Marlboro,18,2,9,2,10,1,1,5,5.62,4.39,7,12,75,3rd
Giancarlo Fisichella,2008,Force India F1 Team,18,0,0,0,0,10,12,7,14.82,18.33,0,0,0,19th
Fernando Alonso,2008,ING Renault F1 Team,18,2,3,0,0,1,2,3,5.53,6.89,3,12,61,5th
Lewis Hamilton,2008,Vodafone McLaren Mercedes,18,5,10,7,1,1,1,1,4.41,3.89,11,14,98,1st
Heikki Kovalainen,2008,Vodafone McLaren Mercedes,18,1,3,1,2,1,1,4,6,4.39,7,11,53,7th
Jenson Button,2008,Honda Racing F1 Team,18,0,0,0,0,6,9,4,12.36,14.72,0,1,3,18th
Nico Rosberg,2008,AT&T Williams,18,0,2,0,0,2,5,2,10.38,12.11,1,5,17,13th
David Coulthard,2007,Red Bull Racing,17,0,0,0,0,4,5,7,9,13.35,1,4,14,10th
Vitantonio Liuzzi,2007,Scuderia Toro Rosso,17,0,0,0,0,6,11,9,13.6,15.65,0,1,3,18th
Mark Webber,2007,Red Bull Racing,17,0,1,0,0,3,5,7,8.9,9.06,1,3,10,12th
Sebastian Vettel,2007,BMW Sauber F1 Team,1,0,0,0,0,8,7,0,8,7,0,1,0,14th
Sebastian Vettel,2007,Scuderia Toro Rosso,7,0,0,0,0,4,8,3,14.25,15.43,1,1,0,14th
Rubens Barrichello,2007,Honda Racing F1 Team,17,0,0,0,0,9,9,2,12.07,15.06,0,0,0,20th
Felipe Massa,2007,Scuderia Ferrari Marlboro,17,3,10,6,6,1,1,1,3.67,4.24,9,14,94,4th
Kimi Raikkonen,2007,Scuderia Ferrari Marlboro,17,6,12,3,6,1,1,2,2.6,3.53,10,15,110,1st
Giancarlo Fisichella,2007,ING Renault F1 Team,17,0,0,0,0,4,4,2,8.14,10.82,1,7,21,8th
Fernando Alonso,2007,Vodafone McLaren Mercedes,17,4,12,2,3,1,1,1,2.94,3.18,9,16,109,3rd
Lewis Hamilton,2007,Vodafone McLaren Mercedes,17,4,12,6,2,1,1,1,3,2.59,12,15,109,2nd
Alexander Wurz,2007,AT&T Williams,16,0,1,0,0,3,11,4,10.08,15.25,0,3,13,11th
Heikki Kovalainen,2007,ING Renault F1 Team,17,0,1,0,0,2,6,2,7.88,10.71,3,11,30,7th
Jenson Button,2007,Honda Racing F1 Team,17,0,0,0,0,5,6,7,10.64,13.88,0,3,6,15th
Nico Rosberg,2007,AT&T Williams,17,0,0,0,0,4,4,4,9.14,9.88,0,7,20,9th
Christian Klien,2006,Red Bull Racing,15,0,0,0,0,8,8,7,11,12.73,0,2,2,18th
David Coulthard,2006,Red Bull Racing,18,0,1,0,0,3,7,6,9.46,14.17,0,5,14,13th
Vitantonio Liuzzi,2006,Scuderia Toro Rosso,18,0,0,0,0,8,12,5,12.07,15.44,0,1,1,19th
Robert Doornbos,2006,Red Bull Racing,3,0,0,0,0,12,10,0,12.33,16.67,0,0,0,24th
Mark Webber,2006,WilliamsF1 Team,18,0,0,0,0,6,2,11,8.71,11,2,3,7,14th
Michael Schumacher,2006,Scuderia Ferrari Marlboro,18,7,12,4,7,1,1,3,2.56,5.44,11,16,121,2nd
Rubens Barrichello,2006,Lucky Strike Honda Racing F1 Team,18,0,0,0,0,4,3,3,7.8,7.61,0,10,30,7th
Felipe Massa,2006,Scuderia Ferrari Marlboro,18,2,7,3,2,1,1,2,4.44,6.67,4,13,80,3rd
Kimi Raikkonen,2006,Team McLaren Mercedes,18,0,6,3,3,2,1,6,3.75,5.83,6,12,65,5th
Giancarlo Fisichella,2006,Mild Seven Renault F1 Team,18,1,5,1,0,1,1,2,4.62,5.61,4,16,72,4th
Fernando Alonso,2006,Mild Seven Renault F1 Team,18,7,14,6,5,1,1,2,1.94,4.28,15,16,134,1st
Juan Pablo Montoya,2006,Team McLaren Mercedes,10,0,2,0,0,2,4,5,4,7.2,2,5,26,8th
Pedro De La Rosa,2006,Team McLaren Mercedes,8,0,1,0,0,2,4,2,6.33,8.88,0,5,19,11th
Jenson Button,2006,Lucky Strike Honda Racing F1 Team,18,1,3,1,0,1,1,5,5.36,7.78,4,11,56,6th
Nico Rosberg,2006,WilliamsF1 Team,18,0,0,0,1,7,3,9,9.89,13.28,0,2,4,17th
Christian Klien,2005,Red Bull Racing,13,0,0,0,0,5,4,2,9.09,11,0,5,9,15th
David Coulthard,2005,Red Bull Racing,18,0,0,0,0,4,5,4,8.21,11,0,9,24,12th
Vitantonio Liuzzi,2005,Red Bull Racing,4,0,0,0,0,8,11,2,8.5,13,0,1,1,24th
Robert Doornbos,2005,Minardi Cosworth,8,0,0,0,0,13,15,2,15,17.62,0,0,0,25th
Mark Webber,2005,BMW WilliamsF1 Team,18,0,1,0,0,3,2,3,7,7.95,0,10,36,10th
Michael Schumacher,2005,Scuderia Ferrari Marlboro,19,1,5,1,3,1,1,6,4.69,8.21,0,12,62,3rd
Rubens Barrichello,2005,Scuderia Ferrari Marlboro,19,0,4,0,0,2,5,2,7.53,10.53,0,8,38,8th
Felipe Massa,2005,Sauber Petronas,18,0,0,0,0,4,7,3,9.56,11.89,0,4,11,13th
Kimi Raikkonen,2005,Team McLaren Mercedes,18,7,12,5,10,1,1,3,3.19,5.68,0,14,112,2nd
Giancarlo Fisichella,2005,Mild Seven Renault F1 Team,18,1,3,1,1,1,1,5,5,5.74,0,11,58,5th
Fernando Alonso,2005,Mild Seven Renault F1 Team,18,7,15,6,2,1,1,1,2.41,3.95,0,16,133,1st
Alexander Wurz,2005,Team McLaren Mercedes,1,0,1,0,0,3,7,0,3,7,0,1,6,17th
Juan Pablo Montoya,2005,Team McLaren Mercedes,16,3,5,2,1,1,1,5,4.64,7.53,0,10,60,4th
Pedro De La Rosa,2005,Team McLaren Mercedes,1,0,0,0,1,5,8,0,5,8,0,1,4,20th
Jenson Button,2005,Lucky Strike BAR Honda,16,0,2,1,0,3,1,4,6.17,5.94,0,10,37,9th
Christian Klien,2004,Jaguar Racing,18,0,0,0,0,6,10,4,11.64,13.67,0,1,3,16th
David Coulthard,2004,West McLaren Mercedes,18,0,0,0,0,4,3,4,7.71,9.39,0,9,24,10th
Mark Webber,2004,Jaguar Racing,18,0,0,0,0,6,2,8,9.2,9.72,0,4,7,13th
Michael Schumacher,2004,Scuderia Ferrari Marlboro,18,13,15,8,10,1,1,1,2.12,3.94,0,16,148,1st
Rubens Barrichello,2004,Scuderia Ferrari Marlboro,18,2,14,4,4,1,1,1,3.12,4.56,0,16,114,2nd
Felipe Massa,2004,Sauber Petronas,18,0,0,0,0,4,4,4,9.21,13.39,0,5,12,12th
Kimi Raikkonen,2004,West McLaren Mercedes,18,1,4,1,2,1,1,8,5.1,8.22,0,9,45,7th
Giancarlo Fisichella,2004,Sauber Petronas,18,0,0,0,0,4,5,2,8.18,12.28,0,9,22,11th
Fernando Alonso,2004,Mild Seven Renault F1 Team,18,0,4,1,0,2,1,5,4.62,7.56,0,12,59,4th
Juan Pablo Montoya,2004,BMW WilliamsF1 Team,18,1,3,0,2,1,2,2,5.36,5.61,0,13,58,5th
Jenson Button,2004,Lucky Strike BAR Honda,18,0,10,1,0,2,1,3,3.6,5.5,0,15,85,3rd
David Coulthard,2003,West McLaren Mercedes,16,1,3,0,0,1,2,6,5.18,8.5,0,10,51,7th
Mark Webber,2003,Jaguar Racing,16,0,0,0,0,6,3,7,8.27,9.88,0,7,17,10th
Michael Schumacher,2003,Scuderia Ferrari Marlboro,16,6,8,5,5,1,1,1,3.6,4.25,0,15,93,1st
Rubens Barrichello,2003,Scuderia Ferrari Marlboro,16,2,8,3,3,1,1,5,3.55,3.62,0,11,65,4th
Kimi Raikkonen,2003,West McLaren Mercedes,16,1,10,2,3,1,1,3,2.69,6.81,0,13,91,2nd
Giancarlo Fisichella,2003,Jordan Ford,16,1,1,0,0,1,8,11,10,13.88,0,2,12,12th
Fernando Alonso,2003,Mild Seven Renault F1 Team,16,1,4,2,1,1,1,5,4.27,7.88,0,11,55,6th
Juan Pablo Montoya,2003,BMW WilliamsF1 Team,16,2,9,1,3,1,1,3,3.62,4.19,0,12,82,3rd
Jenson Button,2003,Lucky Strike BAR Honda,15,0,0,0,0,4,5,5,7.5,11.33,0,7,17,9th
David Coulthard,2002,West McLaren Mercedes,17,1,6,0,1,1,2,4,4.46,5.88,0,11,41,5th
Mark Webber,2002,KL Minardi Asiatech,16,0,0,0,0,5,18,6,11,19.47,0,1,2,16th
Michael Schumacher,2002,Scuderia Ferrari Marlboro,17,11,17,7,7,1,1,0,1.41,1.82,0,17,144,1st
Rubens Barrichello,2002,Scuderia Ferrari Marlboro,15,4,10,3,5,1,1,3,2.33,2.88,0,11,77,2nd
Felipe Massa,2002,Sauber Petronas,16,0,0,0,0,5,7,8,7.12,11.88,0,3,4,13th
Kimi Raikkonen,2002,West McLaren Mercedes,17,0,4,0,1,2,2,11,4.43,5.35,0,6,24,6th
Giancarlo Fisichella,2002,DHL Jordan Honda,16,0,0,0,0,5,5,8,7,11.19,0,4,7,11th
Juan Pablo Montoya,2002,BMW WilliamsF1 Team,17,0,7,7,3,2,1,4,3.77,2.94,0,12,50,3rd
Pedro De La Rosa,2002,Jaguar Racing,17,0,0,0,0,8,8,9,10,16.47,0,0,0,21st
Jenson Button,2002,Mild Seven Renault F1 Team,17,0,0,0,0,4,6,8,7.42,10.29,0,7,14,7th
David Coulthard,2001,West McLaren Mercedes,17,2,10,2,3,1,1,4,2.85,4.76,0,13,65,2nd
Michael Schumacher,2001,Scuderia Ferrari Marlboro,17,9,14,11,3,1,1,2,1.53,1.71,0,15,123,1st
Rubens Barrichello,2001,Scuderia Ferrari Marlboro,17,0,10,0,0,2,2,4,3.93,4.47,0,13,56,3rd
Kimi Raikkonen,2001,Red Bull Sauber Petronas,16,0,0,0,0,4,7,6,6.8,10.41,0,4,9,10th
Giancarlo Fisichella,2001,Mild Seven Benetton Renault,17,0,1,0,0,3,6,7,10,15.18,0,3,8,11th
Fernando Alonso,2001,European Minardi F1,16,0,0,0,0,10,17,8,13.22,19.47,0,0,0,23rd
Mika Hakkinen,2001,West McLaren Mercedes,16,2,3,0,3,1,2,7,4.3,4.53,0,9,37,5th
Juan Pablo Montoya,2001,BMW WilliamsF1 Team,17,1,4,3,3,1,1,11,3.17,5.41,0,5,31,6th
Pedro De La Rosa,2001,Jaguar Racing,13,0,0,0,0,5,9,6,9.71,13.77,0,2,3,16th
Jenson Button,2001,Mild Seven Benetton Renault,17,0,0,0,0,5,9,7,11.17,16.94,0,1,2,17th
David Coulthard,2000,West McLaren Mercedes,17,3,11,2,3,1,1,2,2.86,2.71,0,13,73,3rd
Michael Schumacher,2000,Scuderia Ferrari Marlboro,17,9,12,9,2,1,1,4,1.62,2,0,13,108,1st
Rubens Barrichello,2000,Scuderia Ferrari Marlboro,17,1,9,1,3,1,1,4,2.85,4.82,0,13,62,4th
Giancarlo Fisichella,2000,Mild Seven Benetton Playlife,17,0,3,0,0,2,3,5,7.33,10.29,0,5,18,6th
Mika Hakkinen,2000,West McLaren Mercedes,17,4,11,5,9,1,1,3,2.29,2.53,0,14,89,2nd
Alexander Wurz,2000,Mild Seven Benetton Playlife,17,0,0,0,0,5,5,6,9.33,13.18,0,1,2,15th
Pedro De La Rosa,2000,Arrows F1 Team,16,0,0,0,0,6,5,10,10.67,13.82,0,2,2,16th
Jenson Button,2000,BMW WilliamsF1 Team,17,0,0,0,0,4,3,8,7.73,11.82,0,6,12,8th
David Coulthard,1999,West McLaren Mercedes,16,2,6,0,3,1,2,7,3,2.75,7,8,48,4th
Michael Schumacher,1999,Scuderia Ferrari Marlboro,9,2,6,3,5,1,1,1,3,2.7,7,7,44,5th
Rubens Barrichello,1999,Stewart Ford,16,0,3,1,0,3,1,5,5.73,6.56,2,7,21,7th
Giancarlo Fisichella,1999,Mild Seven Benetton Playlife,16,0,1,0,0,2,4,8,8,10.5,1,4,13,9th
Luca Badoer,1999,Fondmetal Minardi Ford,15,0,0,0,0,8,19,9,10.83,20.4,0,0,0,na
Mika Hakkinen,1999,West McLaren Mercedes,16,5,10,11,6,1,1,5,2.09,2.25,11,11,76,1st
Alexander Wurz,1999,Mild Seven Benetton Playlife,16,0,0,0,0,5,7,6,8.4,12.38,0,2,3,13th
Pedro De La Rosa,1999,Arrows,16,0,0,0,0,6,18,11,11.2,20,0,1,1,17th
David Coulthard,1998,West McLaren Mercedes,16,1,9,3,3,1,1,4,3.17,3.12,0,11,56,3rd
Michael Schumacher,1998,Scuderia Ferrari Marlboro,16,6,11,3,6,1,1,3,2.62,3.06,1,12,86,2nd
Rubens Barrichello,1998,Stewart Ford,15,0,0,0,0,5,5,9,8.5,13.19,0,2,4,12th
Giancarlo Fisichella,1998,Mild Seven Benetton Playlife,16,0,2,1,0,2,1,5,6.18,7.06,0,5,16,9th
Mika Hakkinen,1998,West McLaren Mercedes,16,8,11,9,6,1,1,3,1.92,1.69,0,13,100,1st
Alexander Wurz,1998,Mild Seven Benetton Playlife,16,0,0,0,1,4,5,5,7,8.75,0,6,17,8th
David Coulthard,1997,West McLaren Mercedes,17,2,4,0,1,1,3,9,5,7.59,0,6,36,3rd
Michael Schumacher,1997,Scuderia Ferrari Marlboro,17,5,8,3,3,1,1,4,2.77,3.65,1,13,78,1st
Rubens Barrichello,1997,Stewart Ford,17,0,1,0,0,2,3,15,9.67,11.06,0,1,6,13th
Giancarlo Fisichella,1997,B&H Total Jordan Peugeot,17,0,2,0,1,2,2,5,6.54,8.29,0,6,20,8th
Mika Hakkinen,1997,West McLaren Mercedes,17,1,3,1,1,1,1,7,4.67,5.82,0,7,27,6th
Alexander Wurz,1997,Mild Seven Benetton Renault,3,0,1,0,0,3,7,2,3,8.67,0,1,4,14th
David Coulthard,1996,Marlboro McLaren Mercedes,16,0,2,0,0,2,4,7,5.89,8.25,0,6,18,7th
Michael Schumacher,1996,Scuderia Ferrari,15,3,8,4,2,1,1,6,2.8,2.62,0,9,59,3rd
Rubens Barrichello,1996,Total Jordan Peugeot,16,0,0,0,0,4,2,7,5.89,8.06,0,7,14,8th
Giancarlo Fisichella,1996,Minardi Team,8,0,0,0,0,8,16,5,10.67,17.62,0,0,0,na
Luca Badoer,1996,Forti Grand Prix,6,0,0,0,0,10,19,4,10.5,20.33,0,0,0,na
Mika Hakkinen,1996,Marlboro McLaren Mercedes,16,0,4,0,0,3,4,5,4.77,6.62,0,11,31,5th
David Coulthard,1995,Rothmans Williams Renault,17,1,8,5,2,1,1,8,10.35,2.65,0,9,49,3rd
Michael Schumacher,1995,Mild Seven Benetton Renault,17,9,11,4,8,1,1,5,5.94,2.94,0,12,102,1st
Rubens Barrichello,1995,Total Jordan Peugeot,17,0,1,0,0,2,5,10,12.12,9.53,0,4,11,11th
Luca Badoer,1995,Minardi Scuderia Italia,16,0,0,0,0,8,12,7,14.24,17.12,0,0,0,na
Mika Hakkinen,1995,Marlboro McLaren Mercedes,15,0,2,0,0,2,3,9,14.81,7.94,0,4,17,7th
David Coulthard,1994,Rothmans Williams Renault,8,0,1,0,2,2,3,4,8.38,5.62,0,5,14,8th
Michael Schumacher,1994,Mild Seven Benetton Ford,14,8,10,6,8,1,1,2,5.29,1.79,0,10,92,1st
Rubens Barrichello,1994,Sasol Jordan,15,0,1,1,0,3,1,7,11.6,8.47,0,6,19,6th
Mika Hakkinen,1994,Marlboro McLaren Peugeot,15,0,6,0,0,2,2,8,10.67,6.27,0,6,26,4th
Michael Schumacher,1993,Camel Benneton Ford,16,1,9,0,5,1,2,7,2.22,3.75,0,9,52,4th
Rubens Barrichello,1993,Sasol Jordan,16,0,0,0,0,5,8,9,9.62,14.25,0,1,2,17th
Luca Badoer,1993,Lola BMS Scuderia Italia,12,0,0,0,0,7,21,6,11.83,24.25,0,0,0,na
Mika Hakkinen,1993,Marlboro McLaren,3,0,1,0,0,3,3,2,3,3.67,0,1,4,15th
Michael Schumacher,1992,Camel Benneton Ford,16,1,8,0,2,1,2,4,3.17,4.69,0,11,53,3rd
Mika Hakkinen,1992,Team Lotus,15,0,0,0,0,4,7,6,6.33,13.33,0,6,11,8th
Michael Schumacher,1991,Camel Benneton Ford,5,0,0,0,0,5,5,2,5.67,7.4,0,3,0,13th
Michael Schumacher,1991,Team 7UP Jordan,1,0,0,0,0,0,7,1,0,7,0,0,0,13th
Mika Hakkinen,1991,Team Lotus,15,0,0,0,0,5,13,7,12,23.33,0,1,2,15th
